<?xml version="1.0" encoding="utf-8" ?>
<Defs>


<AlienRace.RaceSettings>
    <defName>Argonian_Settings</defName>
     <pawnKindSettings>
            <alienslavekinds>
                <li>
                    <kindDefs>
                        <li>ArgoSlave</li>
                    </kindDefs>
                    <chance>40.0</chance>
                </li>
            </alienslavekinds>
            <alienrefugeekinds>
                <li>
                    <kindDefs>
						<li>ArgoRefugee</li>
                    </kindDefs>
                    <chance>40.0</chance>
                </li>
            </alienrefugeekinds>
			<startingColonists>
				<li>
				<pawnKindEntries>
					<li>
                    <kindDefs>
                        <li>ArgoHunter</li>
						<li>ArgoHistGuard</li>
						<li>ArgoShadowscale</li>
						<li>ArgoColonist</li>
                    </kindDefs>
                    <chance>10.0</chance>
					</li>
				</pawnKindEntries>
					<factionDefs>
						<li>ArgoPlayerColony</li> 
					</factionDefs>
				</li>
			</startingColonists>
            <alienwandererkinds>
                <li>
                    <pawnKindEntries>
                        <li>
                            <kindDefs>
                                <li>ArgoHunter</li>
								<li>ArgoHistGuard</li>
								<li>ArgoColonist</li>
								<li>ArgoShadowscale</li>
								<li>ArgoHistSpeaker</li>
								<li>ArgoFighter</li>
                            </kindDefs>
                            <chance>50.0</chance>
                        </li>
                    </pawnKindEntries>
                    <factionDefs>
                        <li>ArgoPlayerColony</li> 
                    </factionDefs>
                </li>
            </alienwandererkinds>
        </pawnKindSettings>
  </AlienRace.RaceSettings>


<ThingDef Name="BaseArgoPawn" Abstract="True">
    <thingClass>Pawn</thingClass>
    <category>Pawn</category>
    <selectable>true</selectable>
    <tickerType>Normal</tickerType>
    <altitudeLayer>Pawn</altitudeLayer>
    <useHitPoints>false</useHitPoints>
    <hasTooltip>true</hasTooltip>
    <soundImpactDefault>BulletImpact_Flesh</soundImpactDefault>
    <inspectorTabs>
        <li>ITab_Pawn_Health</li>
        <li>ITab_Pawn_Needs</li>
        <li>ITab_Pawn_Character</li>
        <li>ITab_Pawn_Training</li>
        <li>ITab_Pawn_Gear</li>
        <li>ITab_Pawn_Guest</li>
        <li>ITab_Pawn_Prisoner</li>
        <li>ITab_Pawn_Social</li>
        <li>ITab_Pawn_Log</li>
        <li>ITab_Pawn_FormingCaravan</li>
    </inspectorTabs>
    <comps>
        <li>
            <compClass>CompAttachBase</compClass>
        </li>
    </comps>
    <drawGUIOverlay>true</drawGUIOverlay>
</ThingDef>

<AlienRace.ThingDef_AlienRace ParentName="BaseArgoPawn">
    <defName>Alien_Argonian</defName>
    <label>Argonian</label>
    <description>A strange and mysterious reptilian race, known for their connection to an even more mysterious tree called the Hist.</description>
    <alienRace>
        <generalSettings>
            <maleGenderProbability>0.5</maleGenderProbability>
            <immuneToAge>true</immuneToAge>
            <alienPartGenerator>
                <aliencrowntypes>
                    <li>Average_Normal</li>
					<li>Average_Wide</li>
					<li>Average_Pointy</li>
                </aliencrowntypes>
                <alienbodytypes>
				 <li>Hulk</li>
				 <li>Female</li>
				 <li>Male</li>
                </alienbodytypes>
                <alienskincolorgen Class="ColorGenerator_Options">
                    <options>
             <li>
                <weight>10</weight>
                <only>RGBA(0.452,0.16,0.16,1)</only>
            </li>
			<li>
                <weight>10</weight>
                <only>RGBA(0.321,0.321,0.321,1)</only>
            </li>
			<li>
                <weight>10</weight>
                <only>RGBA(0.254,0.380,0.278,1)</only>
            </li>
            <li>
                <weight>10</weight>
                <only>RGBA(0.357,0.498,0.356,1)</only>
            </li>
            <li>
                <weight>10</weight>
                <only>RGBA(0.313,0.368,0.317,1)</only>
            </li>
			<li>
                <weight>10</weight>
                <only>RGBA(0.427,0.478,0.356,1)</only>
            </li>
			<li>
                <weight>10</weight>
                <only>RGBA(0.380,0.356,0.254,1)</only>
            </li>
			<li>
                <weight>10</weight>
                <only>RGBA(0.380,0.317,0.254,1)</only>
            </li>
			<li>
                <weight>10</weight>
                <only>RGBA(0.541,0.443,0.88,1)</only>
            </li>
			<li>
                <weight>10</weight>
                <only>RGBA(0.24,0.349,0.431,1)</only>
            </li>
			<li>
                <weight>10</weight>
                <only>RGBA(0.525,0.721,0.87,1)</only>
            </li>
			<li>
                <weight>10</weight>
                <only>RGBA(0.482,0.552,0.34,1)</only>
            </li>
			<li>
                <weight>10</weight>
                <only>RGBA(0.552,0.545,0.34,1)</only>
            </li>
			<li>
                <weight>10</weight>
                <only>RGBA(0.352,0.305,0.203,1)</only>
            </li>
			<li>
                <weight>10</weight>
                <only>RGBA(0.376,0.376,0.376,1)</only>
            </li>
            <li>
                <weight>10</weight>
                <only>RGBA(0.227,0.352,0.203,1)</only>
            </li>
            <li>
                <weight>10</weight>
                <only>RGBA(0.317,0.635,0.254,1)</only>
            </li>
			<li>
                <weight>10</weight>
                <only>RGBA(0,0.4,0.4,1)</only>
            </li>
			<li>
                <weight>10</weight>
                <only>RGBA(0.59,0.533,0.607,1)</only>
            </li>
			<li>
                <weight>10</weight>
                <only>RGBA(0.611,0.701,0.490,1)</only>
            </li>
			<li>
                <weight>10</weight>
                <only>RGBA(0.333,0.419,0.184,1)</only>
            </li>
                </options>
                </alienskincolorgen>
				
				<alienskinsecondcolorgen Class="ColorGenerator_Options">
                <options>
				    <li>
                        <weight>10</weight>
                        <only>RGBA(0.819,0.772,0.658,1)</only>
                    </li>
                    <li>
                        <weight>10</weight>
                        <only>RGBA(1.0,1.0,1.0,1)</only>
                    </li>
                    <li>
                        <weight>10</weight>
                        <only>RGBA(0.7,0.7,0.68,1)</only>
                    </li>
                    <li>
                        <weight>10</weight>
                        <only>RGBA(0.65,0.65,0.65,1)</only>
                    </li>
					<li>
                        <weight>10</weight>
                        <only>RGBA(0.466,0.415,0.345,1)</only>
                    </li>
                </options>
            </alienskinsecondcolorgen>
            </alienPartGenerator>
			<chemicalSettings />
            <humanRecipeImport>true</humanRecipeImport>
        </generalSettings>
        <graphicPaths>
            <li>
                <head>Things/Pawn/Humanlike/Argonians/Head/</head>
				<body>Things/Pawn/Humanlike/Argonians/Body/</body>
            </li>
        </graphicPaths>
        <hairSettings>
            <hasHair>false</hasHair>
        </hairSettings>
        <relationSettings>
        </relationSettings>
		 <thoughtSettings>
    <cannotReceiveThoughts>
	  <li>AteRawFood</li>
      <li>ObservedLayingCorpse</li>
      <li>AteHumanlikeMeatDirect</li>
      <li>AteHumanlikeMeatAsIngredient</li>
    </cannotReceiveThoughts>
	</thoughtSettings>
    </alienRace>
	<statBases>
      <MarketValue>2000</MarketValue>
      <MoveSpeed>5.62</MoveSpeed>
      <Flammability>0.3</Flammability>
      <ComfyTemperatureMin>4</ComfyTemperatureMin>
      <ComfyTemperatureMax>32</ComfyTemperatureMax>
      <LeatherAmount>25</LeatherAmount>
	   <PsychicSensitivity>0.85</PsychicSensitivity>
	   <ResearchSpeed>2</ResearchSpeed>
	   <MiningSpeed>3</MiningSpeed>
    </statBases>
  <tools>
      <li>
        <label>left fist</label>
        <capacities>
          <li>Blunt</li>
        </capacities>
        <power>8</power>
        <cooldownTime>1.6</cooldownTime>
        <linkedBodyPartsGroup>LeftHand</linkedBodyPartsGroup>
        <surpriseAttack>
          <extraMeleeDamages>
            <li>
              <def>Stun</def>
              <amount>22</amount>
            </li>
          </extraMeleeDamages>
        </surpriseAttack>
      </li>
      <li>
        <label>right fist</label>
        <capacities>
          <li>Blunt</li>
        </capacities>
        <power>8</power>
        <cooldownTime>1.6</cooldownTime>
        <linkedBodyPartsGroup>RightHand</linkedBodyPartsGroup>
        <surpriseAttack>
          <extraMeleeDamages>
            <li>
              <def>Stun</def>
              <amount>22</amount>
            </li>
          </extraMeleeDamages>
        </surpriseAttack>
      </li>
      <li>
        <label>head</label>
        <capacities>
          <li>Blunt</li>
        </capacities>
        <power>5</power>
        <cooldownTime>1.8</cooldownTime>
        <linkedBodyPartsGroup>HeadAttackTool</linkedBodyPartsGroup>
        <chanceFactor>0.2</chanceFactor>
      </li>
    </tools>
    <race>
      <thinkTreeMain>Humanlike</thinkTreeMain>
      <thinkTreeConstant>HumanlikeConstant</thinkTreeConstant>
      <intelligence>Humanlike</intelligence>
      <makesFootprints>true</makesFootprints>
      <lifeExpectancy>150</lifeExpectancy>
      <leatherDef>Leather_argo</leatherDef>
      <nameGenerator>NamerPersonArgo</nameGenerator>
      <nameGeneratorFemale>NamerPersonArgoF</nameGeneratorFemale>
      <body>Argonian</body>
      <bloodDef>FilthBloodArgo</bloodDef>	
      <meatColor>(0, 100, 0)</meatColor>
      <baseBodySize>1.05</baseBodySize>
      <baseHealthScale>1.05</baseHealthScale>
      <foodType>OmnivoreHuman</foodType>
      <gestationPeriodDays>45</gestationPeriodDays>
      <litterSizeCurve>
        <points>
          <li>(0.5, 0)</li>
          <li>(1, 1)</li>
          <li>(1.01, 0.02)</li>
          <li>(3.5, 0)</li>
        </points>
      </litterSizeCurve>
      <lifeStageAges>
        <li>
          <def>HatchlingArgStage</def>
          <minAge>0</minAge>
        </li>
        <li>
          <def>YounglingArgStage</def>
          <minAge>4</minAge>
        </li>
		<li>
          <def>TeenArgStage</def>
          <minAge>13</minAge>
        </li>
        <li>
          <def>AdultArgStage</def>
          <minAge>18</minAge>
        </li>
        <li>
          <def>ElderArgStage</def>
          <minAge>50</minAge>
        </li>
        <li>
          <def>AncestorArgStage</def>
          <minAge>90</minAge>
        </li>
      </lifeStageAges>
      <soundMeleeHitPawn>Pawn_Melee_Punch_HitPawn</soundMeleeHitPawn>
      <soundMeleeHitBuilding>Pawn_Melee_Punch_HitBuilding</soundMeleeHitBuilding>
      <soundMeleeMiss>Pawn_Melee_Punch_Miss</soundMeleeMiss>
      <specialShadowData>
        <volume>(0.3, 0.8, 0.4)</volume>
        <offset>(0,0,-0.3)</offset>
      </specialShadowData>
      <ageGenerationCurve>
        <points>
                    <li>(16,0)</li>
                    <li>(17,200)</li>
                    <li>(20,100)</li>
                    <li>(30,100)</li>
                    <li>(40,20)</li>
                    <li>(50,10)</li>
					<li>(120,1)</li>
					<li>(150,0)</li>
        </points>
      </ageGenerationCurve>
      <hediffGiverSets>
        <li>OrganicStandard</li>
      </hediffGiverSets>
    </race>
    <recipes>
        <li>InstallArchotechEye</li>
      <li>InstallArchotechArm</li>
      <li>InstallArchotechLeg</li>
      <li>InstallPowerClaw</li>
      <li>InstallBionicEye</li>
      <li>InstallBionicArm</li>
      <li>InstallBionicLeg</li>
      <li>InstallBionicSpine</li>
      <li>InstallBionicHeart</li>
      <li>InstallBionicStomach</li>
      <li>InstallBionicEar</li>
      <li>InstallSimpleProstheticArm</li>
      <li>InstallSimpleProstheticLeg</li>
      <li>InstallSimpleProstheticHeart</li>
      <li>InstallCochlearImplant</li>
      <li>InstallPegLeg</li>
      <li>InstallDenture</li>
      <li>InstallJoywire</li>
      <li>InstallPainstopper</li>
      <li>InstallNaturalHeart</li>
      <li>InstallNaturalLung</li>
      <li>InstallNaturalKidney</li>
      <li>InstallNaturalLiver</li>
      <li>ExciseCarcinoma</li>
      <li>RemoveBodyPart</li>
      <li>Euthanize</li>
      <li>Anesthetize</li>
    </recipes>
</AlienRace.ThingDef_AlienRace>

</Defs>