<?xml version="1.0" encoding="UTF-8"?>

<Defs>

   
  <ThingDef ParentName="BodyPartBionicBase">
    <defName>BionicArgoTail</defName>
    <label>bionic argonian tail</label>
    <description>A technical marvel! intricate gyroscopic feedback systems allow increased movement and dexterity! Praise the Hist!</description>
    <graphicData>
      <texPath>Things/Item/Health/HealthItem</texPath>
      <graphicClass>Graphic_Single</graphicClass>
      <color>(155,165,148)</color>
    </graphicData>
    <costList>
      <Plasteel>10</Plasteel>
      <ComponentSpacer>4</ComponentSpacer>
    </costList>
    <statBases>
      <MarketValue>1500</MarketValue>
      <WorkToMake>38000</WorkToMake>
      <Mass>0.3</Mass>
    </statBases>
    <techHediffsTags>
      <li>Advanced</li>
    </techHediffsTags>
  </ThingDef>

    <ThingDef ParentName="BodyPartProstheticBase">
    <defName>ClothTail</defName>
    <label>cloth tail</label>
    <description>Simple prosthesis made to replace a missing tail. It's better than nothing...</description>
    <graphicData>
      <texPath>Things/Item/Health/HealthItem</texPath>
      <graphicClass>Graphic_Single</graphicClass>
      <color>(155,165,148)</color>
    </graphicData>
    <statBases>
      <MarketValue>400</MarketValue>
      <Mass>.3</Mass>
    </statBases>
    <costList>
      <Cloth>10</Cloth>
    </costList>
    <techHediffsTags>
      <li>Simple</li>
    </techHediffsTags>
  </ThingDef>
  
</Defs>