﻿<?xml version="1.0" encoding="utf-8" ?>
<Defs>
  
  <LifeStageDef>
    <defName>HatchlingArgStage</defName>
    <label>hatchling</label>
    <bodySizeFactor>0.2</bodySizeFactor>
    <healthScaleFactor>0.2</healthScaleFactor>
    <hungerRateFactor>0.2</hungerRateFactor>
    <marketValueFactor>0.5</marketValueFactor>
    <statFactors>
      <MoveSpeed>0.2</MoveSpeed>
    </statFactors>
  </LifeStageDef>

  <LifeStageDef>
    <defName>YounglingArgStage</defName>
    <label>youngling</label>
    <bodySizeFactor>0.5</bodySizeFactor>
    <healthScaleFactor>0.5</healthScaleFactor>
    <hungerRateFactor>0.6</hungerRateFactor>
    <marketValueFactor>0.9</marketValueFactor>
    <statFactors>
      <MoveSpeed>0.65</MoveSpeed>
    </statFactors>
  </LifeStageDef>

   <LifeStageDef>
    <defName>TeenArgStage</defName>
    <label>teenage stage</label>
    <visible>false</visible>
    <reproductive>true</reproductive>
  </LifeStageDef>

  
  
  <LifeStageDef>
    <defName>AdultArgStage</defName>
    <label>adult stage</label>
    <visible>false</visible>
    <reproductive>true</reproductive>
  </LifeStageDef>

  <LifeStageDef>
    <defName>ElderArgStage</defName>
    <label>elder stage</label>
    <visible>false</visible>
    <reproductive>true</reproductive>
  </LifeStageDef>
  
  <LifeStageDef>
    <defName>AncestorArgStage</defName>
    <label>ancestor stage</label>
    <visible>false</visible>
    <reproductive>true</reproductive>
  </LifeStageDef>

</Defs>