<?xml version="1.0" encoding="utf-8"?>
<ModMetaData>
	<name>Argonians of Blackmarsh</name>
	<author>Helixien and Xen</author>
	<supportedVersions><li>1.1</li></supportedVersions>
  	<packageId>xen.races.argo</packageId>
	<url></url>
	<description>Argonians (in their native tongue of Jel they call themselves the Saxhleel, or People of the Root) are the reptilian natives of Black Marsh, a vast swampland province in southeastern Tamriel. The other races often prefer to refer to them as 'lizards' or the 'Lizard Folk' instead, especially when meaning to be derogative. They are known as the foremost experts in guerrilla warfare throughout the Starry Heart, a reputation brought upon them by defending their borders from enemies for countless centuries.</description>
</ModMetaData>